{
 "eval_loss": 0.009353181347250938,
 "eval_precision": 0.9497716894977168,
 "eval_recall": 0.9674418604651163,
 "eval_f1": 0.9585253456221198,
 "eval_accuracy": 0.9968582275166906,
 "eval_runtime": 1.954,
 "eval_samples_per_second": 113.101,
 "eval_steps_per_second": 7.165,
 "epoch": 5.0
}
